k,silhouette,inertia
2,0.2931601,27098.236328125
3,0.3373497,21902.833984375
4,0.2768013,18561.09375
5,0.28943723,16428.7734375
6,0.30818585,14430.06640625
7,0.23856321,13487.51953125
8,0.2848439,12927.3779296875
9,0.32306638,10754.826171875
10,0.27131587,10480.65234375
11,0.2876874,9595.765625
12,0.29088187,8630.234375
