PC,explained_var
0,0.20459685
1,0.14983615
2,0.082351506
3,0.06376782
4,0.049172804
5,0.036404192
6,0.03471675
7,0.030517247
8,0.0257582
9,0.02214938
10,0.019657377
11,0.019076003
12,0.018241877
13,0.016635938
14,0.015231911
15,0.013806813
16,0.013651649
17,0.012966205
18,0.012025814
19,0.011045469
