k,silhouette,inertia
2,0.32371894,24689.974609375
3,0.35364905,21539.890625
4,0.28473583,17332.724609375
5,0.29969987,15309.9345703125
6,0.2569035,13869.4091796875
7,0.2738843,12565.44140625
8,0.31593117,11099.3486328125
9,0.30386126,10233.48828125
10,0.294091,9744.0390625
11,0.2591152,9624.19140625
12,0.27792737,7977.802734375
