PC,explained_var
0,0.25500706
1,0.11417788
2,0.10050359
3,0.067589484
4,0.056183603
5,0.041682947
6,0.038299587
7,0.02987743
8,0.026773503
9,0.022833211
10,0.02207587
11,0.018462341
12,0.015380993
13,0.013851934
14,0.012895416
15,0.01216093
16,0.011146551
17,0.010200089
18,0.010093993
19,0.00879022
